gene,affy
NNMT,16731464
NNMT,16731465
NNMT,16731462
NNMT,3349858
NNMT,16731463
NNMT,3349859
NNMT,16731468
NNMT,16731469
NNMT,16731466
NNMT,16731467
NNMT,3349892
NNMT,16731471
NNMT,16731472
NNMT,3349890
NNMT,16731470
NNMT,3349891
NNMT,7944002
NNMT,7944003
NNMT,7944004
NNMT,7944005
NNMT,3349867
NNMT,3349868
NNMT,3349869
NNMT,3349863
NNMT,3349864
NNMT,3349865
NNMT,3349866
NNMT,3349860
NNMT,3349861
NNMT,3349862
NNMT,16731461
NNMT,7943999
NNMT,7943998
NNMT,7944000
NNMT,7944001
NNMT,3349878
NNMT,3349879
NNMT,3349874
NNMT,3349875
NNMT,3349876
NNMT,3349877
NNMT,3349870
NNMT,3349871
NNMT,3349872
NNMT,3349873
NNMT,16731475
NNMT,3349889
NNMT,16731473
NNMT,16731474
NNMT,3349885
NNMT,3349886
NNMT,3349887
NNMT,3349888
NNMT,3349881
NNMT,3349882
NNMT,3349883
NNMT,3349884
NNMT,3349880
NAXE,16672109
NAXE,16672107
NAXE,16672108
NAXE,16672105
NAXE,16672106
NAXE,16672103
NAXE,16672104
NAXE,16672101
NAXE,16672102
NAXE,16672100
NAXE,2361598
NAXE,2361599
NAXE,2361596
NAXE,7906190
NAXE,2361597
NAXE,7906191
NAXE,2361594
NAXE,7906192
NAXE,2361595
NAXE,7906193
NAXE,2361592
NAXE,2361593
NAXE,2361590
NAXE,2361591
NAXE,16672110
NAXE,16672097
NAXE,16672098
NAXE,7906187
NAXE,7906188
NAXE,7906189
NAXE,2361589
NAXE,2361587
NAXE,2361588
NAXE,2361585
NAXE,2361586
NAXE,2361584
NAXE,7906185
NAXE,7906186
HAAO,8051811
HAAO,8051810
HAAO,2550250
HAAO,2550259
HAAO,2550252
HAAO,2550251
HAAO,2550254
HAAO,2550253
HAAO,2550256
HAAO,2550255
HAAO,2550258
HAAO,2550257
HAAO,2550360
HAAO,2550249
HAAO,2550248
HAAO,2550241
HAAO,2550362
HAAO,2550240
HAAO,2550243
HAAO,2550242
HAAO,2550245
HAAO,2550244
HAAO,2550247
HAAO,2550246
HAAO,16896929
HAAO,2550238
HAAO,16896920
HAAO,2550237
HAAO,2550358
HAAO,2550239
HAAO,16896927
HAAO,2550351
HAAO,16896928
HAAO,2550350
HAAO,16896925
HAAO,2550353
HAAO,16896926
HAAO,2550352
HAAO,16896923
HAAO,16896924
HAAO,2550354
HAAO,16896921
HAAO,2550236
HAAO,16896922
HAAO,2550356
HAAO,8051803
HAAO,8051802
HAAO,8051801
HAAO,8051800
HAAO,16896918
HAAO,16896919
HAAO,8051809
HAAO,8051808
HAAO,8051807
HAAO,8051806
HAAO,8051805
HAAO,8051804
HAAO,2550348
HAAO,2550347
HAAO,2550349
HAAO,16896916
HAAO,2550340
HAAO,16896914
HAAO,2550342
HAAO,16896915
HAAO,2550341
HAAO,2550344
HAAO,2550343
HAAO,2550346
HAAO,2550345
HAAO,2550290
HAAO,2550292
HAAO,2550291
HAAO,2550294
HAAO,2550293
HAAO,2550336
HAAO,2550339
HAAO,2550338
HAAO,2550296
HAAO,2550295
HAAO,2550298
HAAO,2550297
HAAO,2550299
HAAO,2550281
HAAO,2550280
HAAO,2550283
HAAO,2550282
HAAO,2550285
HAAO,2550284
HAAO,2550287
HAAO,2550320
HAAO,2550286
HAAO,2550289
HAAO,2550322
HAAO,2550288
HAAO,2550321
HAAO,2550324
HAAO,2550323
HAAO,2550270
HAAO,8051799
HAAO,2550272
HAAO,2550271
HAAO,2550315
HAAO,2550314
HAAO,2550317
HAAO,2550316
HAAO,2550319
HAAO,2550318
HAAO,2550274
HAAO,2550273
HAAO,2550276
HAAO,2550275
HAAO,2550278
HAAO,2550311
HAAO,2550277
HAAO,2550310
HAAO,2550313
HAAO,2550279
HAAO,2550312
HAAO,2550261
HAAO,2550260
HAAO,2550304
HAAO,2550303
HAAO,2550306
HAAO,2550305
HAAO,2550308
HAAO,2550307
HAAO,2550309
HAAO,2550263
HAAO,2550262
HAAO,2550265
HAAO,2550264
HAAO,2550267
HAAO,2550300
HAAO,2550266
HAAO,2550269
HAAO,2550302
HAAO,2550268
HAAO,2550301
QPRT,7994614
QPRT,7994612
QPRT,7994613
QPRT,7994610
QPRT,7994611
QPRT,3655604
QPRT,3655603
QPRT,3655602
QPRT,3655601
QPRT,3655589
QPRT,3655600
QPRT,7994609
QPRT,3655588
QPRT,3655587
QPRT,16817633
QPRT,16817635
QPRT,16817634
QPRT,16817630
QPRT,3655605
QPRT,16817636
QPRT,3655596
QPRT,3655595
QPRT,3655594
QPRT,3655593
QPRT,3655592
QPRT,3655591
QPRT,3655590
QPRT,3655599
QPRT,3655598
QPRT,3655597
NT5C2,16718010
NT5C2,16718012
NT5C2,3304670
NT5C2,16718014
NT5C2,3304672
NT5C2,16718016
NT5C2,3304671
NT5C2,3304674
NT5C2,16718018
NT5C2,3304673
NT5C2,3304676
NT5C2,3304675
NT5C2,3304678
NT5C2,3304677
NT5C2,3304679
NT5C2,3304661
NT5C2,3304660
NT5C2,3304663
NT5C2,3304662
NT5C2,3304665
NT5C2,3304664
NT5C2,3304667
NT5C2,3304666
NT5C2,3304669
NT5C2,3304668
NT5C2,3304690
NT5C2,3304692
NT5C2,3304691
NT5C2,3304694
NT5C2,3304693
NT5C2,3304696
NT5C2,3304695
NT5C2,3304698
NT5C2,3304697
NT5C2,3304699
NT5C2,16718000
NT5C2,16718001
NT5C2,16718004
NT5C2,3304681
NT5C2,3304680
NT5C2,3304683
NT5C2,16718005
NT5C2,3304682
NT5C2,16718008
NT5C2,3304685
NT5C2,16718007
NT5C2,3304684
NT5C2,3304687
NT5C2,3304686
NT5C2,3304689
NT5C2,3304688
NT5C2,7936072
NT5C2,7936073
NT5C2,7936070
NT5C2,7936071
NT5C2,7936076
NT5C2,7936077
NT5C2,7936074
NT5C2,7936075
NT5C2,3304630
NT5C2,7936078
NT5C2,7936079
NT5C2,3304632
NT5C2,16717999
NT5C2,3304631
NT5C2,3304634
NT5C2,3304633
NT5C2,3304636
NT5C2,3304635
NT5C2,3304638
NT5C2,3304637
NT5C2,3304639
NT5C2,7936065
NT5C2,7936066
NT5C2,7936064
NT5C2,7936069
NT5C2,7936067
NT5C2,7936068
NT5C2,3304625
NT5C2,3304624
NT5C2,3304627
NT5C2,3304626
NT5C2,3304629
NT5C2,3304628
NT5C2,3304650
NT5C2,3304652
NT5C2,16717986
NT5C2,3304651
NT5C2,3304654
NT5C2,3304653
NT5C2,3304656
NT5C2,3304655
NT5C2,3304658
NT5C2,3304657
NT5C2,3304659
NT5C2,7936080
NT5C2,7936081
NT5C2,7936082
NT5C2,16717990
NT5C2,16717991
NT5C2,16717992
NT5C2,16717993
NT5C2,16717994
NT5C2,16717995
NT5C2,16717996
NT5C2,3304641
NT5C2,3304640
NT5C2,16717987
NT5C2,3304643
NT5C2,3304642
NT5C2,16717989
NT5C2,3304645
NT5C2,3304644
NT5C2,3304647
NT5C2,3304646
NT5C2,3304649
NT5C2,3304648
NADSYN1,16728458
NADSYN1,3339015
NADSYN1,16728457
NADSYN1,3339016
NADSYN1,16728456
NADSYN1,3339013
NADSYN1,16728455
NADSYN1,3339014
NADSYN1,16728454
NADSYN1,3339011
NADSYN1,16728453
NADSYN1,3339012
NADSYN1,16728452
NADSYN1,16728451
NADSYN1,3339010
NADSYN1,3338969
NADSYN1,3338968
NADSYN1,3339019
NADSYN1,16728449
NADSYN1,3339017
NADSYN1,16728448
NADSYN1,3339018
NADSYN1,3338970
NADSYN1,3339026
NADSYN1,3339027
NADSYN1,16728467
NADSYN1,3338972
NADSYN1,3339024
NADSYN1,3338971
NADSYN1,3339025
NADSYN1,16728465
NADSYN1,3339022
NADSYN1,3339023
NADSYN1,3339020
NADSYN1,16728462
NADSYN1,3339021
NADSYN1,16728461
NADSYN1,16728460
NADSYN1,3338978
NADSYN1,3338977
NADSYN1,3338979
NADSYN1,3338974
NADSYN1,3338973
NADSYN1,3338976
NADSYN1,3339028
NADSYN1,3338975
NADSYN1,3339029
NADSYN1,16728447
NADSYN1,3339004
NADSYN1,3339005
NADSYN1,3339002
NADSYN1,16728444
NADSYN1,3339003
NADSYN1,16728443
NADSYN1,3339000
NADSYN1,16728442
NADSYN1,3339001
NADSYN1,3339008
NADSYN1,3339009
NADSYN1,3339006
NADSYN1,3339007
NADSYN1,16728499
NADSYN1,16728498
NADSYN1,16728497
NADSYN1,16728495
NADSYN1,16728494
NADSYN1,16728493
NADSYN1,16728492
NADSYN1,16728491
NADSYN1,16728490
NADSYN1,7942239
NADSYN1,7942238
NADSYN1,7942237
NADSYN1,7942236
NADSYN1,7942235
NADSYN1,7942234
NADSYN1,7942233
NADSYN1,7942232
NADSYN1,3338981
NADSYN1,7942252
NADSYN1,16728479
NADSYN1,3338980
NADSYN1,7942251
NADSYN1,16728478
NADSYN1,3338983
NADSYN1,3339035
NADSYN1,7942250
NADSYN1,16728477
NADSYN1,3338982
NADSYN1,3339033
NADSYN1,3339034
NADSYN1,16728474
NADSYN1,3339031
NADSYN1,3339032
NADSYN1,16728472
NADSYN1,16728471
NADSYN1,3339030
NADSYN1,3338989
NADSYN1,3338988
NADSYN1,3338985
NADSYN1,3338984
NADSYN1,3338987
NADSYN1,7942254
NADSYN1,3338986
NADSYN1,7942253
NADSYN1,3338992
NADSYN1,7942241
NADSYN1,3338991
NADSYN1,7942240
NADSYN1,16728489
NADSYN1,3338994
NADSYN1,3338993
NADSYN1,16728487
NADSYN1,16728485
NADSYN1,3338990
NADSYN1,16728484
NADSYN1,16728483
NADSYN1,16728481
NADSYN1,16728480
NADSYN1,7942249
NADSYN1,3338999
NADSYN1,7942248
NADSYN1,7942247
NADSYN1,7942246
NADSYN1,3338996
NADSYN1,7942245
NADSYN1,3338995
NADSYN1,7942244
NADSYN1,3338998
NADSYN1,7942243
NADSYN1,3338997
NADSYN1,7942242
PTGS2,7922984
PTGS2,7922983
PTGS2,7922982
PTGS2,7922981
PTGS2,2448400
PTGS2,7922988
PTGS2,2448401
PTGS2,7922987
PTGS2,7922986
PTGS2,7922985
PTGS2,7922989
PTGS2,16697384
PTGS2,16697385
PTGS2,16697386
PTGS2,2448402
PTGS2,2448403
PTGS2,7922980
PTGS2,2448396
PTGS2,2448397
PTGS2,2448394
PTGS2,2448395
PTGS2,2448398
PTGS2,2448399
PTGS2,2448392
PTGS2,2448393
PTGS2,2448390
PTGS2,2448391
PTGS2,7922991
PTGS2,7922990
PTGS2,2448385
PTGS2,2448386
PTGS2,2448383
PTGS2,2448384
PTGS2,2448389
PTGS2,2448387
PTGS2,2448388
PTGS2,2448382
PTGS2,16697370
PTGS2,16697371
PTGS2,16697372
PTGS2,7922977
PTGS2,7922976
PTGS2,16697377
PTGS2,16697378
PTGS2,16697379
PTGS2,7922979
PTGS2,7922978
PTGS2,16697373
PTGS2,16697374
PTGS2,16697375
PTGS2,16697376
PTGS2,16697380
PTGS2,16697381
PTGS2,16697382
PTGS2,16697383
ACMSD,2507187
ACMSD,8045378
ACMSD,16885897
ACMSD,2507188
ACMSD,8045377
ACMSD,2507185
ACMSD,8045376
ACMSD,2507186
ACMSD,8045375
ACMSD,2507183
ACMSD,2507184
ACMSD,2507181
ACMSD,2507182
ACMSD,8045379
ACMSD,8045370
ACMSD,8045374
ACMSD,8045373
ACMSD,2507189
ACMSD,8045372
ACMSD,16885899
ACMSD,8045371
ACMSD,2507190
ACMSD,2507191
ACMSD,2507176
ACMSD,2507177
ACMSD,2507174
ACMSD,2507175
ACMSD,2507173
ACMSD,8045369
ACMSD,8045368
ACMSD,2507178
ACMSD,2507179
ACMSD,2507180
ACMSD,2507204
ACMSD,2507205
ACMSD,2507202
ACMSD,16885912
ACMSD,2507203
ACMSD,16885911
ACMSD,2507200
ACMSD,16885910
ACMSD,2507201
ACMSD,2507198
ACMSD,2507199
ACMSD,2507196
ACMSD,2507197
ACMSD,2507194
ACMSD,2507195
ACMSD,2507192
ACMSD,2507193
ACMSD,16885906
ACMSD,16885905
ACMSD,8045380
ACMSD,16885904
ACMSD,16885902
ACMSD,16885900
ACMSD,16885909
ACMSD,16885908
ACMSD,16885907
NT5C,8018298
NT5C,8018299
NT5C,8018297
NT5C,3770605
NT5C,3770603
NT5C,3770604
NT5C,3770601
NT5C,3770602
NT5C,16848731
NT5C,3770588
NT5C,16848732
NT5C,3770589
NT5C,3770600
NT5C,3770597
NT5C,3770598
NT5C,3770595
NT5C,3770596
NT5C,3770593
NT5C,8018302
NT5C,3770594
NT5C,8018303
NT5C,3770591
NT5C,8018300
NT5C,3770592
NT5C,8018301
NT5C,8018304
NT5C,3770599
NT5C,16848733
NT5C,16848734
NT5C,16848735
NT5C,16848737
NT5C,16848738
NT5C,3770590
SLC22A13,2617630
SLC22A13,2617632
SLC22A13,2617631
SLC22A13,2617634
SLC22A13,8078759
SLC22A13,16939183
SLC22A13,2617633
SLC22A13,16939182
SLC22A13,2617636
SLC22A13,16939181
SLC22A13,2617635
SLC22A13,16939180
SLC22A13,2617638
SLC22A13,8078766
SLC22A13,2617637
SLC22A13,8078767
SLC22A13,8078764
SLC22A13,2617639
SLC22A13,8078765
SLC22A13,8078762
SLC22A13,8078763
SLC22A13,8078760
SLC22A13,8078761
SLC22A13,16939177
SLC22A13,2617641
SLC22A13,16939176
SLC22A13,2617640
SLC22A13,16939175
SLC22A13,2617643
SLC22A13,16939174
SLC22A13,2617642
SLC22A13,16939173
SLC22A13,2617645
SLC22A13,16939172
SLC22A13,2617644
SLC22A13,16939171
SLC22A13,2617647
SLC22A13,8078768
SLC22A13,16939170
SLC22A13,2617646
SLC22A13,8078769
SLC22A13,16939179
SLC22A13,16939178
SLC22A13,8078770
SLC22A13,2617648
SLC22A13,8078771
NT5E,2915871
NT5E,2915870
NT5E,17010770
NT5E,17010773
NT5E,2915835
NT5E,17010774
NT5E,2915834
NT5E,17010771
NT5E,2915833
NT5E,17010772
NT5E,2915832
NT5E,2915876
NT5E,2915831
NT5E,2915875
NT5E,2915830
NT5E,2915874
NT5E,17010775
NT5E,2915873
NT5E,17010776
NT5E,2915872
NT5E,2915839
NT5E,2915838
NT5E,2915837
NT5E,2915836
NT5E,2915846
NT5E,2915845
NT5E,2915844
NT5E,8120970
NT5E,2915843
NT5E,2915842
NT5E,8120972
NT5E,2915841
NT5E,8120971
NT5E,2915840
NT5E,8120974
NT5E,8120973
NT5E,8120967
NT5E,8120969
NT5E,2915849
NT5E,8120968
NT5E,2915848
NT5E,2915847
NT5E,2915857
NT5E,2915856
NT5E,2915855
NT5E,2915854
NT5E,2915853
NT5E,2915852
NT5E,2915851
NT5E,2915850
NT5E,8120976
NT5E,8120975
NT5E,8120978
NT5E,8120977
NT5E,2915859
NT5E,2915858
NT5E,2915860
NT5E,17010762
NT5E,2915868
NT5E,17010763
NT5E,2915867
NT5E,17010760
NT5E,2915866
NT5E,17010761
NT5E,2915865
NT5E,17010766
NT5E,2915864
NT5E,17010767
NT5E,2915863
NT5E,17010764
NT5E,2915862
NT5E,17010765
NT5E,2915861
NT5E,17010768
NT5E,17010769
NT5E,2915829
NT5E,2915828
NT5E,2915869
PNP,3527521
PNP,3527520
PNP,3527523
PNP,3527522
PNP,7973076
PNP,7973075
PNP,7973077
PNP,7973070
PNP,7973072
PNP,7973071
PNP,7973074
PNP,16781541
PNP,7973073
PNP,16781542
PNP,3527525
PNP,3527524
PNP,16781544
PNP,3527527
PNP,16781545
PNP,3527526
PNP,16781546
PNP,3527529
PNP,16781547
PNP,3527528
PNP,16781548
PNP,16781549
PNP,16781539
PNP,3527530
PNP,3527531
PNP,7973067
PNP,7973069
PNP,7973068
PNP,16781550
PNP,16781551
PNP,16781552
PNP,16781553
PNP,3527514
PNP,3527516
PNP,3527515
PNP,3527518
PNP,16781536
PNP,3527517
PNP,16781537
PNP,16781538
PNP,3527519
NMRK2,16857069
NMRK2,8024734
NMRK2,8024735
NMRK2,8024732
NMRK2,16857068
NMRK2,8024733
NMRK2,8024730
NMRK2,8024731
NMRK2,3817235
NMRK2,3817234
NMRK2,3817237
NMRK2,3817236
NMRK2,3817239
NMRK2,3817238
NMRK2,8024729
NMRK2,3817231
NMRK2,3817230
NMRK2,8024728
NMRK2,3817233
NMRK2,3817232
NMRK2,16857078
NMRK2,16857079
NMRK2,16857076
NMRK2,16857077
NMRK2,16857074
NMRK2,16857075
NMRK2,16857072
NMRK2,16857073
NMRK2,16857070
NMRK2,3817224
NMRK2,3817223
NMRK2,3817226
NMRK2,3817225
NMRK2,3817228
NMRK2,3817227
NMRK2,3817229
NMRK2,8024738
NMRK2,8024739
NMRK2,3817222
NMRK2,8024736
NMRK2,8024737
NNT,2808454
NNT,2808453
NNT,2808456
NNT,2808455
NNT,2808450
NNT,2808452
NNT,2808451
NNT,2808458
NNT,2808457
NNT,2808459
NNT,2808465
NNT,2808464
NNT,2808467
NNT,2808466
NNT,2808461
NNT,2808460
NNT,2808463
NNT,2808462
NNT,2808469
NNT,2808468
NNT,2808470
NNT,2808439
NNT,2808438
NNT,16984506
NNT,16984505
NNT,16984504
NNT,16984503
NNT,16984509
NNT,16984507
NNT,16984501
NNT,2808443
NNT,2808442
NNT,2808445
NNT,2808444
NNT,2808441
NNT,2808440
NNT,2808447
NNT,2808446
NNT,2808449
NNT,2808448
NNT,16984517
NNT,16984516
NNT,16984515
NNT,16984514
NNT,16984519
NNT,16984518
NNT,16984511
NNT,16984510
NNT,8105169
NNT,8105168
NNT,8105167
NNT,16984494
NNT,8105166
NNT,16984493
NNT,8105165
NNT,16984492
NNT,8105164
NNT,8105163
NNT,16984527
NNT,16984526
NNT,16984525
NNT,16984520
NNT,8105162
NNT,8105161
NNT,8105160
NNT,16984524
NNT,16984523
NNT,16984522
NNT,16984521
NNT,8105159
NNT,8105158
NNT,8105157
NNT,8105156
NNT,8105155
NNT,8105154
NNT,8105153
NNT,16984498
NNT,16984497
NNT,16984496
NNT,16984495
NNT,16984499
NNT,2808476
NNT,2808475
NNT,2808478
NNT,2808477
NNT,2808472
NNT,2808471
NNT,2808474
NNT,2808473
NNT,2808479
NNT,2808481
NNT,2808480
NNT,2808487
NNT,2808486
NNT,2808489
NNT,2808488
NNT,8105178
NNT,2808483
NNT,8105177
NNT,2808482
NNT,8105176
NNT,2808485
NNT,8105175
NNT,2808484
NNT,8105174
NNT,2808490
NNT,8105173
NNT,8105172
NNT,2808492
NNT,8105171
NNT,2808491
NNT,8105170
NMRK1,3210186
NMRK1,3210185
NMRK1,3210188
NMRK1,3210187
NMRK1,3210189
NMRK1,3210180
NMRK1,3210182
NMRK1,3210181
NMRK1,3210184
NMRK1,3210183
NMRK1,8161839
NMRK1,3210210
NMRK1,3210179
NMRK1,3210211
NMRK1,17095040
NMRK1,3210205
NMRK1,3210204
NMRK1,3210207
NMRK1,8161848
NMRK1,3210206
NMRK1,8161849
NMRK1,17095039
NMRK1,3210209
NMRK1,3210208
NMRK1,8161842
NMRK1,8161843
NMRK1,8161840
NMRK1,8161841
NMRK1,3210201
NMRK1,8161846
NMRK1,3210200
NMRK1,8161847
NMRK1,3210203
NMRK1,8161844
NMRK1,3210202
NMRK1,8161845
NMRK1,17095030
NMRK1,8161850
NMRK1,17095035
NMRK1,17095032
NMRK1,17095034
NMRK1,17095028
NMRK1,17095029
NMRK1,3210197
NMRK1,3210196
NMRK1,3210199
NMRK1,8161851
NMRK1,3210198
NMRK1,3210191
NMRK1,3210190
NMRK1,3210193
NMRK1,3210192
NMRK1,3210195
NMRK1,3210194
NMRK1,17095025
NMRK1,17095026
NMRK1,17095027
NMRK1,17095020
NMRK1,17095021
NMRK1,17095022
NMRK1,17095023
NAPRT,8153444
NAPRT,8153443
NAPRT,8153446
NAPRT,8153445
NAPRT,8153440
NAPRT,8153442
NAPRT,8153441
NAPRT,17082144
NAPRT,17082143
NAPRT,3157589
NAPRT,17082146
NAPRT,3157588
NAPRT,17082145
NAPRT,3157587
NAPRT,3157586
NAPRT,3157585
NAPRT,17082142
NAPRT,3157584
NAPRT,17082141
NAPRT,3157583
NAPRT,3157582
NAPRT,3157581
NAPRT,3157580
NAPRT,17082148
NAPRT,17082147
NAPRT,17082149
NAPRT,8153437
NAPRT,8153436
NAPRT,8153439
NAPRT,8153438
NAPRT,8153433
NAPRT,8153432
NAPRT,8153435
NAPRT,8153434
NAPRT,8153431
NAPRT,8153430
NAPRT,17082133
NAPRT,3157579
NAPRT,17082132
NAPRT,3157578
NAPRT,17082135
NAPRT,3157577
NAPRT,17082134
NAPRT,3157576
NAPRT,3157575
NAPRT,3157574
NAPRT,3157573
NAPRT,3157572
NAPRT,3157571
NAPRT,3157570
NAPRT,17082136
NAPRT,17082139
NAPRT,17082138
NAPRT,3157569
NAPRT,3157568
NAPRT,3157567
NAPRT,3157566
NAPRT,3157565
NAPRT,3157564
NAPRT,3157563
NAPRT,17082155
NAPRT,17082154
NAPRT,17082156
NAPRT,17082151
NAPRT,17082153
NAPRT,3157595
NAPRT,17082152
NAPRT,3157594
NAPRT,3157593
NAPRT,3157592
NAPRT,3157591
NAPRT,3157590
NAPRT,8153448
NAPRT,8153447
KYNU,2508552
KYNU,2508551
KYNU,2508550
KYNU,16886189
KYNU,16886188
KYNU,2508559
KYNU,2508558
KYNU,2508557
KYNU,2508556
KYNU,2508555
KYNU,2508554
KYNU,2508553
KYNU,16886190
KYNU,16886197
KYNU,16886196
KYNU,16886195
KYNU,16886194
KYNU,16886193
KYNU,16886192
KYNU,16886191
KYNU,2508541
KYNU,2508540
KYNU,16886179
KYNU,16886178
KYNU,16886177
KYNU,2508549
KYNU,2508548
KYNU,2508547
KYNU,2508546
KYNU,2508545
KYNU,2508544
KYNU,2508543
KYNU,2508542
KYNU,16886187
KYNU,16886186
KYNU,16886185
KYNU,16886184
KYNU,16886182
KYNU,16886181
KYNU,16886180
KYNU,2508574
KYNU,8045554
KYNU,2508573
KYNU,8045553
KYNU,2508572
KYNU,8045552
KYNU,2508571
KYNU,8045551
KYNU,2508570
KYNU,8045558
KYNU,8045557
KYNU,8045556
KYNU,8045555
KYNU,2508579
KYNU,2508578
KYNU,8045550
KYNU,2508577
KYNU,2508576
KYNU,2508575
KYNU,16886176
KYNU,16886175
KYNU,16886174
KYNU,8045549
KYNU,8045548
KYNU,2508563
KYNU,8045543
KYNU,2508562
KYNU,8045542
KYNU,2508561
KYNU,8045541
KYNU,2508560
KYNU,8045540
KYNU,8045547
KYNU,8045546
KYNU,8045545
KYNU,8045544
KYNU,2508569
KYNU,2508568
KYNU,2508567
KYNU,2508566
KYNU,2508565
KYNU,2508564
KYNU,8045539
KYNU,2508596
KYNU,2508595
KYNU,2508594
KYNU,2508593
KYNU,2508592
KYNU,2508591
KYNU,2508590
KYNU,2508585
KYNU,2508584
KYNU,2508583
KYNU,2508582
KYNU,2508581
KYNU,2508580
KYNU,2508589
KYNU,2508588
KYNU,2508587
KYNU,2508586
KYNU,2508530
KYNU,2508538
KYNU,2508537
KYNU,2508536
KYNU,2508535
KYNU,2508534
KYNU,2508533
KYNU,2508532
KYNU,2508531
KYNU,2508539
KYNU,2508527
KYNU,2508526
KYNU,2508525
KYNU,2508524
KYNU,2508523
KYNU,2508522
KYNU,2508521
KYNU,2508520
KYNU,2508529
KYNU,2508528
AFMID,16838349
AFMID,3736259
AFMID,16838350
AFMID,16838354
AFMID,16838352
AFMID,16838358
AFMID,16838357
AFMID,16838339
AFMID,3736280
AFMID,3736281
AFMID,3736282
AFMID,3736283
AFMID,3736284
AFMID,3736285
AFMID,8010248
AFMID,16838340
AFMID,16838343
AFMID,16838342
AFMID,16838347
AFMID,16838348
AFMID,16838345
AFMID,16838346
AFMID,3736270
AFMID,3736271
AFMID,3736272
AFMID,3736273
AFMID,3736274
AFMID,3736275
AFMID,3736276
AFMID,3736277
AFMID,3736278
AFMID,3736279
AFMID,8010249
AFMID,8010258
AFMID,8010259
AFMID,8010256
AFMID,8010257
AFMID,8010254
AFMID,8010255
AFMID,8010252
AFMID,8010253
AFMID,8010250
AFMID,8010251
AFMID,16838336
AFMID,16838337
AFMID,3736260
AFMID,3736261
AFMID,3736262
AFMID,3736263
AFMID,3736264
AFMID,3736265
AFMID,3736266
AFMID,3736267
AFMID,3736268
AFMID,3736269
NAMPT,3066852
NAMPT,3066853
NAMPT,3066854
NAMPT,3066855
NAMPT,3066856
NAMPT,3066857
NAMPT,3066858
NAMPT,3066859
NAMPT,3066850
NAMPT,3066851
NAMPT,3066849
NAMPT,3066863
NAMPT,3066864
NAMPT,3066865
NAMPT,3066866
NAMPT,3066867
NAMPT,3066860
NAMPT,3066861
NAMPT,3066862
NAMPT,3066830
NAMPT,3066831
NAMPT,3066832
NAMPT,3066833
NAMPT,3066834
NAMPT,3285369
NAMPT,3066835
NAMPT,3066836
NAMPT,3285367
NAMPT,3066837
NAMPT,3285368
NAMPT,3285365
NAMPT,3285366
NAMPT,3285363
NAMPT,3285364
NAMPT,3285361
NAMPT,3285362
NAMPT,8142128
NAMPT,3285360
NAMPT,8142129
NAMPT,8142135
NAMPT,8142133
NAMPT,8142134
NAMPT,8142131
NAMPT,8142132
NAMPT,3066827
NAMPT,3066828
NAMPT,8142130
NAMPT,3066829
NAMPT,3066841
NAMPT,3066842
NAMPT,3066843
NAMPT,3066844
NAMPT,3066845
NAMPT,3066846
NAMPT,3066847
NAMPT,3066848
NAMPT,3285372
NAMPT,3285373
NAMPT,3285370
NAMPT,3066840
NAMPT,3285371
NAMPT,8142126
NAMPT,8142127
NAMPT,8142124
NAMPT,8142125
NAMPT,8142122
NAMPT,8142123
NAMPT,8142120
NAMPT,8142121
NAMPT,3066838
NAMPT,3066839
NAMPT,3285349
NAMPT,3285347
NAMPT,3285348
NAMPT,3285345
NAMPT,3285346
NAMPT,3285343
NAMPT,16713318
NAMPT,3285344
NAMPT,3285341
NAMPT,7933085
NAMPT,3285342
NAMPT,7933084
NAMPT,3285340
NAMPT,16713321
NAMPT,3066820
NAMPT,3066821
NAMPT,3066822
NAMPT,3066823
NAMPT,3285358
NAMPT,3066824
NAMPT,3285359
NAMPT,3066825
NAMPT,3285356
NAMPT,3066826
NAMPT,3285357
NAMPT,3285354
NAMPT,3285355
NAMPT,3285352
NAMPT,3285353
NAMPT,3285350
NAMPT,3285351
NAMPT,3066818
NAMPT,3066819
NAMPT,3285329
NAMPT,3285327
NAMPT,3285328
NAMPT,3285326
NAMPT,3285338
NAMPT,3285339
NAMPT,3285336
NAMPT,3285337
NAMPT,3285334
NAMPT,3285335
NAMPT,3285332
NAMPT,3285333
NAMPT,3285330
NAMPT,3285331
ASPDH,16874580
ASPDH,16874581
ASPDH,16874582
ASPDH,3868530
ASPDH,3868518
ASPDH,3868519
ASPDH,16874573
ASPDH,16874574
ASPDH,16874576
ASPDH,8038582
ASPDH,16874577
ASPDH,8038583
ASPDH,16874578
ASPDH,8038580
ASPDH,16874579
ASPDH,8038581
ASPDH,3868520
ASPDH,3868521
ASPDH,3868522
ASPDH,3868523
ASPDH,3868524
ASPDH,3868525
ASPDH,3868526
ASPDH,3868527
ASPDH,3868528
ASPDH,8038579
ASPDH,3868529
ASPDH,8038577
ASPDH,8038578
ENPP1,2925991
ENPP1,2925990
ENPP1,2925997
ENPP1,2925996
ENPP1,2925999
ENPP1,2925998
ENPP1,2925993
ENPP1,2925992
ENPP1,2925995
ENPP1,2925994
ENPP1,17012650
ENPP1,8122120
ENPP1,8122121
ENPP1,17012654
ENPP1,8122124
ENPP1,17012655
ENPP1,8122122
ENPP1,8122123
ENPP1,17012659
ENPP1,17012656
ENPP1,17012657
ENPP1,8122119
ENPP1,8122099
ENPP1,17012660
ENPP1,2925957
ENPP1,2925956
ENPP1,2925959
ENPP1,2925958
ENPP1,17012632
ENPP1,8122102
ENPP1,17012633
ENPP1,8122103
ENPP1,8122100
ENPP1,8122101
ENPP1,17012636
ENPP1,8122106
ENPP1,17012637
ENPP1,8122107
ENPP1,17012634
ENPP1,8122104
ENPP1,17012635
ENPP1,8122105
ENPP1,2926000
ENPP1,17012638
ENPP1,17012639
ENPP1,2925953
ENPP1,2925955
ENPP1,2925954
ENPP1,2925968
ENPP1,17012640
ENPP1,2925967
ENPP1,8122110
ENPP1,2925969
ENPP1,17012643
ENPP1,8122113
ENPP1,8122114
ENPP1,8122111
ENPP1,17012642
ENPP1,8122112
ENPP1,17012647
ENPP1,8122117
ENPP1,17012648
ENPP1,8122118
ENPP1,8122115
ENPP1,17012646
ENPP1,8122116
ENPP1,17012649
ENPP1,8122108
ENPP1,8122109
ENPP1,2925964
ENPP1,2925963
ENPP1,2926018
ENPP1,2925966
ENPP1,2925965
ENPP1,2925960
ENPP1,2925962
ENPP1,2926017
ENPP1,2925961
ENPP1,2925979
ENPP1,2925978
ENPP1,2925975
ENPP1,2925974
ENPP1,2925977
ENPP1,2925976
ENPP1,2925971
ENPP1,2925970
ENPP1,2925973
ENPP1,2925972
ENPP1,2925989
ENPP1,2925980
ENPP1,2925986
ENPP1,2925985
ENPP1,2925988
ENPP1,2925987
ENPP1,2925982
ENPP1,2925981
ENPP1,2925984
ENPP1,2925983
CD38,2719659
CD38,2719658
CD38,2719657
CD38,2719656
CD38,2719699
CD38,2719698
CD38,2719697
CD38,2719696
CD38,2719695
CD38,2719694
CD38,2719693
CD38,2719692
CD38,2719691
CD38,2719690
CD38,16965268
CD38,16965269
CD38,2719669
CD38,2719702
CD38,2719668
CD38,2719701
CD38,2719667
CD38,2719700
CD38,2719666
CD38,2719665
CD38,16965270
CD38,2719664
CD38,16965271
CD38,2719663
CD38,16965272
CD38,2719662
CD38,8094240
CD38,16965273
CD38,2719661
CD38,16965274
CD38,2719660
CD38,8094242
CD38,16965275
CD38,8094241
CD38,16965276
CD38,8094244
CD38,8094243
CD38,16965278
CD38,8094246
CD38,16965279
CD38,8094245
CD38,8094248
CD38,8094247
CD38,8094249
CD38,2719679
CD38,2719678
CD38,2719677
CD38,16965280
CD38,2719676
CD38,16965281
CD38,2719675
CD38,16965282
CD38,2719674
CD38,2719673
CD38,2719672
CD38,8094250
CD38,2719671
CD38,2719670
CD38,2719689
CD38,2719688
CD38,2719687
CD38,2719686
CD38,2719685
CD38,2719684
CD38,2719683
CD38,2719682
CD38,2719681
CD38,2719680
AOX1,8047315
AOX1,8047316
AOX1,8047317
AOX1,8047318
AOX1,8047311
AOX1,8047312
AOX1,8047313
AOX1,8047314
AOX1,8047310
AOX1,8047308
AOX1,8047309
AOX1,8047304
AOX1,8047305
AOX1,8047306
AOX1,8047307
AOX1,8047300
AOX1,8047301
AOX1,8047302
AOX1,8047303
AOX1,16889294
AOX1,16889293
AOX1,16889296
AOX1,16889298
AOX1,16889299
AOX1,16889290
AOX1,16889292
AOX1,16889291
AOX1,8047333
AOX1,8047334
AOX1,8047335
AOX1,2522280
AOX1,8047336
AOX1,2522281
AOX1,2522282
AOX1,8047330
AOX1,2522283
AOX1,8047331
AOX1,2522284
AOX1,8047332
AOX1,2522285
AOX1,2522286
AOX1,2522287
AOX1,2522288
AOX1,2522289
AOX1,16889282
AOX1,16889285
AOX1,16889284
AOX1,16889287
AOX1,16889286
AOX1,16889289
AOX1,16889288
AOX1,16889281
AOX1,16889280
AOX1,8047326
AOX1,16889309
AOX1,8047327
AOX1,8047328
AOX1,8047329
AOX1,8047322
AOX1,8047323
AOX1,2522290
AOX1,8047324
AOX1,2522291
AOX1,8047325
AOX1,16889269
AOX1,16889302
AOX1,2522292
AOX1,16889268
AOX1,16889301
AOX1,2522293
AOX1,2522294
AOX1,8047320
AOX1,16889303
AOX1,2522295
AOX1,8047321
AOX1,16889306
AOX1,2522296
AOX1,16889305
AOX1,2522297
AOX1,16889308
AOX1,2522298
AOX1,16889307
AOX1,2522299
AOX1,16889271
AOX1,16889273
AOX1,16889276
AOX1,16889275
AOX1,16889278
AOX1,16889311
AOX1,16889310
AOX1,8047319
AOX1,2522260
AOX1,2522261
AOX1,2522262
AOX1,2522263
AOX1,2522264
AOX1,2522265
AOX1,2522266
AOX1,2522267
AOX1,2522300
AOX1,2522268
AOX1,2522301
AOX1,2522269
AOX1,2522302
AOX1,2522303
AOX1,2522304
AOX1,2522305
AOX1,16889300
AOX1,2522306
AOX1,2522307
AOX1,2522308
AOX1,2522309
AOX1,2522270
AOX1,2522271
AOX1,2522272
AOX1,2522273
AOX1,2522274
AOX1,2522275
AOX1,2522276
AOX1,2522277
AOX1,2522310
AOX1,2522278
AOX1,2522311
AOX1,2522279
AOX1,2522312
AOX1,2522313
AOX1,2522314
AOX1,2522315
AOX1,2522316
AOX1,2522317
AOX1,2522247
AOX1,2522248
AOX1,2522249
AOX1,2522250
AOX1,2522251
AOX1,2522252
AOX1,2522253
AOX1,2522254
AOX1,2522255
AOX1,2522256
AOX1,2522257
AOX1,2522258
AOX1,2522259
NT5M,3712520
NT5M,3712521
NT5M,3712524
NT5M,3712525
NT5M,3712522
NT5M,3712523
NT5M,3712528
NT5M,3712529
NT5M,3712526
NT5M,3712527
NT5M,8005249
NT5M,8005247
NT5M,8005248
NT5M,3712531
NT5M,3712532
NT5M,3712530
NT5M,3712535
NT5M,8005252
NT5M,3712536
NT5M,8005253
NT5M,3712533
NT5M,8005250
NT5M,3712534
NT5M,8005251
NT5M,3712539
NT5M,8005256
NT5M,8005257
NT5M,3712537
NT5M,8005254
NT5M,3712538
NT5M,8005255
NT5M,16831599
NT5M,16831598
NT5M,3712542
NT5M,3712543
NT5M,3712540
NT5M,3712541
NT5M,3712546
NT5M,3712547
NT5M,16831608
NT5M,3712544
NT5M,3712545
NT5M,16831606
NT5M,16831604
NT5M,3712548
NT5M,16831603
NT5M,16831602
NT5M,16831601
NT5M,16831600
NT5M,3712517
NT5M,3712518
NT5M,3712519
ENPP3,2925917
ENPP3,2925916
ENPP3,2925919
ENPP3,2925918
ENPP3,2925913
ENPP3,2925879
ENPP3,2925912
ENPP3,2925915
ENPP3,2925914
ENPP3,2925876
ENPP3,2925875
ENPP3,2925878
ENPP3,2925911
ENPP3,2925877
ENPP3,2925910
ENPP3,2925872
ENPP3,2925871
ENPP3,2925874
ENPP3,2925873
ENPP3,2925924
ENPP3,2925923
ENPP3,2925926
ENPP3,2925925
ENPP3,17012600
ENPP3,17012601
ENPP3,17012607
ENPP3,2925881
ENPP3,17012606
ENPP3,2925880
ENPP3,17012609
ENPP3,2925887
ENPP3,2925920
ENPP3,2925886
ENPP3,2925889
ENPP3,2925922
ENPP3,2925888
ENPP3,2925921
ENPP3,2925883
ENPP3,2925882
ENPP3,2925885
ENPP3,2925884
ENPP3,8122083
ENPP3,8122084
ENPP3,8122081
ENPP3,8122082
ENPP3,8122087
ENPP3,8122088
ENPP3,8122085
ENPP3,8122086
ENPP3,8122089
ENPP3,2925890
ENPP3,2925892
ENPP3,2925891
ENPP3,2925898
ENPP3,2925897
ENPP3,2925899
ENPP3,2925894
ENPP3,2925893
ENPP3,8122080
ENPP3,2925896
ENPP3,2925895
ENPP3,8122094
ENPP3,8122095
ENPP3,8122092
ENPP3,8122093
ENPP3,8122098
ENPP3,8122096
ENPP3,8122097
ENPP3,8122090
ENPP3,8122091
ENPP3,17012599
ENPP3,17012630
ENPP3,17012598
ENPP3,8122072
ENPP3,8122073
ENPP3,8122071
ENPP3,8122076
ENPP3,8122077
ENPP3,8122074
ENPP3,8122075
ENPP3,8122078
ENPP3,8122079
ENPP3,17012610
ENPP3,17012614
ENPP3,17012615
ENPP3,17012612
ENPP3,17012613
ENPP3,17012618
ENPP3,17012619
ENPP3,17012616
ENPP3,2925906
ENPP3,2925905
ENPP3,2925908
ENPP3,2925907
ENPP3,2925902
ENPP3,2925901
ENPP3,2925904
ENPP3,2925903
ENPP3,17012621
ENPP3,17012622
ENPP3,17012620
ENPP3,17012625
ENPP3,2925909
ENPP3,17012623
ENPP3,17012624
ENPP3,17012629
ENPP3,17012627
ENPP3,17012628
ENPP3,2925900
NADK,2391741
NADK,2391740
NADK,2391743
NADK,2391742
NADK,16680465
NADK,16680464
NADK,16680463
NADK,16680469
NADK,16680467
NADK,2391736
NADK,2391735
NADK,2391738
NADK,2391737
NADK,16680462
NADK,16680461
NADK,2391739
NADK,16680460
NADK,2391695
NADK,2391694
NADK,2391697
NADK,2391730
NADK,2391696
NADK,2391699
NADK,2391732
NADK,2391698
NADK,2391731
NADK,2391734
NADK,2391733
NADK,2391691
NADK,2391690
NADK,2391693
NADK,2391692
NADK,16680455
NADK,16680454
NADK,16680453
NADK,16680452
NADK,16680458
NADK,16680457
NADK,16680456
NADK,2391725
NADK,2391724
NADK,2391727
NADK,2391726
NADK,16680451
NADK,2391729
NADK,2391728
NADK,16680449
NADK,16680448
NADK,16680447
NADK,16680446
NADK,4044700
NADK,4044702
NADK,4044701
NADK,4044704
NADK,4044703
NADK,7911600
NADK,7911601
NADK,7911602
NADK,7911603
NADK,7911608
NADK,7911609
NADK,7911604
NADK,7911605
NADK,7911606
NADK,7911607
NADK,4044717
NADK,4044716
NADK,4044719
NADK,4044718
NADK,2391701
NADK,2391700
NADK,7911611
NADK,7911612
NADK,7911613
NADK,7911614
NADK,7911610
NADK,4044720
NADK,4044724
NADK,7911615
NADK,4044723
NADK,7911616
NADK,7911617
NADK,4044725
NADK,7911618
NADK,4044706
NADK,4044705
NADK,4044708
NADK,4044707
NADK,4044709
NADK,4044711
NADK,4044710
NADK,4044713
NADK,4044712
NADK,4044715
NADK,4044714
NADK,2391688
NADK,2391721
NADK,2391687
NADK,2391720
NADK,2391723
NADK,2391689
NADK,2391722
NADK,2391714
NADK,2391713
NADK,2391716
NADK,2391715
NADK,2391718
NADK,2391717
NADK,2391719
NADK,4044728
NADK,4044729
NADK,2391710
NADK,2391712
NADK,2391711
NADK,4044690
NADK,16680476
NADK,16680475
NADK,4044692
NADK,16680474
NADK,4044691
NADK,4044694
NADK,4044693
NADK,4044696
NADK,4044695
NADK,2391703
NADK,4044698
NADK,2391702
NADK,4044697
NADK,2391705
NADK,2391704
NADK,4044699
NADK,16680473
NADK,2391707
NADK,16680472
NADK,2391706
NADK,16680471
NADK,2391709
NADK,16680470
NADK,2391708
NUDT12,16998632
NUDT12,16998631
NUDT12,2869449
NUDT12,16998630
NUDT12,2869443
NUDT12,2869444
NUDT12,2869441
NUDT12,2869442
NUDT12,2869447
NUDT12,2869448
NUDT12,2869445
NUDT12,2869446
NUDT12,8113414
NUDT12,8113415
NUDT12,8113416
NUDT12,8113417
NUDT12,2869461
NUDT12,2869440
NUDT12,2869462
NUDT12,2869460
NUDT12,8113413
NUDT12,16998629
NUDT12,16998628
NUDT12,16998627
NUDT12,8113418
NUDT12,8113419
NUDT12,16998622
NUDT12,16998621
NUDT12,2869438
NUDT12,2869439
NUDT12,16998626
NUDT12,16998625
NUDT12,16998624
NUDT12,16998623
NUDT12,2869454
NUDT12,2869455
NUDT12,2869452
NUDT12,2869453
NUDT12,8113420
NUDT12,2869458
NUDT12,2869459
NUDT12,2869456
NUDT12,2869457
NUDT12,2869450
NUDT12,2869451
PTGIS,3908950
PTGIS,3908951
PTGIS,3908952
PTGIS,3908953
PTGIS,3908954
PTGIS,3908955
PTGIS,3908956
PTGIS,3908957
PTGIS,3908958
PTGIS,3908959
PTGIS,16920157
PTGIS,16920156
PTGIS,16920159
PTGIS,16920158
PTGIS,3908940
PTGIS,3908941
PTGIS,3908942
PTGIS,3908943
PTGIS,3908944
PTGIS,3908945
PTGIS,3908946
PTGIS,3908947
PTGIS,3908948
PTGIS,3908949
PTGIS,16920164
PTGIS,16920163
PTGIS,16920166
PTGIS,16920165
PTGIS,16920160
PTGIS,16920162
PTGIS,16920161
PTGIS,16920167
PTGIS,8066931
PTGIS,8066930
PTGIS,3908934
PTGIS,3908935
PTGIS,3908936
PTGIS,3908937
PTGIS,3908938
PTGIS,8066928
PTGIS,3908939
PTGIS,8066927
PTGIS,8066926
PTGIS,8066925
PTGIS,8066929
PTGIS,8066938
PTGIS,8066937
PTGIS,8066936
PTGIS,8066935
PTGIS,8066934
PTGIS,8066933
PTGIS,8066932
RNLS,7934892
RNLS,7934893
RNLS,7934890
RNLS,7934891
RNLS,7934894
RNLS,7934895
RNLS,3299438
RNLS,3299439
RNLS,3299436
RNLS,3299437
RNLS,3299434
RNLS,3299435
RNLS,3299432
RNLS,3299433
RNLS,3299430
RNLS,3299431
RNLS,7934885
RNLS,7934886
RNLS,3299429
RNLS,3299427
RNLS,7934889
RNLS,3299428
RNLS,3299425
RNLS,7934887
RNLS,3299426
RNLS,7934888
RNLS,3299423
RNLS,3299424
RNLS,3299421
RNLS,3299422
RNLS,3299420
RNLS,16716330
RNLS,16716331
RNLS,16716332
RNLS,16716333
RNLS,16716334
RNLS,16716335
RNLS,16716336
RNLS,16716327
RNLS,16716328
RNLS,3299418
RNLS,16716329
RNLS,3299419
RNLS,3299416
RNLS,3299417
RNLS,3299414
RNLS,3299415
RNLS,3299412
RNLS,3299413
RNLS,3299410
RNLS,3299411
RNLS,3299360
RNLS,3299361
RNLS,16716337
RNLS,3299409
RNLS,16716338
RNLS,3299408
RNLS,3299366
RNLS,3299364
RNLS,3299365
RNLS,3299362
RNLS,3299363
RNLS,3299350
RNLS,3299359
RNLS,3299357
RNLS,3299358
RNLS,3299355
RNLS,3299356
RNLS,3299353
RNLS,3299354
RNLS,3299351
RNLS,3299352
RNLS,3299348
RNLS,3299349
RNLS,3299346
RNLS,3299347
RNLS,3299344
RNLS,3299345
RNLS,3299342
RNLS,3299343
RNLS,3299341
RNLS,3299454
RNLS,3299455
RNLS,3299452
RNLS,3299453
RNLS,3299450
RNLS,3299451
RNLS,3299449
RNLS,3299447
RNLS,3299448
RNLS,3299445
RNLS,3299446
RNLS,3299443
RNLS,3299444
RNLS,3299441
RNLS,3299442
RNLS,3299440
PARP16,16810730
PARP16,16810731
PARP16,16810734
PARP16,7989760
PARP16,16810735
PARP16,7989761
PARP16,16810732
PARP16,16810733
PARP16,16810738
PARP16,16810739
PARP16,16810736
PARP16,16810737
PARP16,3629589
PARP16,3629587
PARP16,3629588
PARP16,3629585
PARP16,3629586
PARP16,3629583
PARP16,7989764
PARP16,3629584
PARP16,7989765
PARP16,3629581
PARP16,7989762
PARP16,3629582
PARP16,7989763
PARP16,3629580
PARP16,7989766
PARP16,7989767
PARP16,16810740
PARP16,7989759
PARP16,3629598
PARP16,3629599
PARP16,3629596
PARP16,3629597
PARP16,3629594
PARP16,3629595
PARP16,3629592
PARP16,3629593
PARP16,3629590
PARP16,3629591
PARP16,3629608
PARP16,3629609
PARP16,3629606
PARP16,3629607
PARP16,3629604
PARP16,3629605
PARP16,3629569
PARP16,3629602
PARP16,3629603
PARP16,3629567
PARP16,3629600
PARP16,3629568
PARP16,3629601
PARP16,16810728
PARP16,16810725
PARP16,16810726
PARP16,16810729
PARP16,3629578
PARP16,3629579
PARP16,3629576
PARP16,3629577
PARP16,3629574
PARP16,3629575
PARP16,3629572
PARP16,3629573
PARP16,3629570
PARP16,3629571
NMNAT3,2697903
NMNAT3,2697947
NMNAT3,2697904
NMNAT3,2697948
NMNAT3,2697945
NMNAT3,2697902
NMNAT3,2697946
NMNAT3,2697907
NMNAT3,2697908
NMNAT3,2697905
NMNAT3,2697949
NMNAT3,2697906
NMNAT3,2697940
NMNAT3,2697981
NMNAT3,2697982
NMNAT3,2697943
NMNAT3,2697944
NMNAT3,2697941
NMNAT3,2697942
NMNAT3,2697914
NMNAT3,2697915
NMNAT3,2697912
NMNAT3,2697956
NMNAT3,2697913
NMNAT3,2697957
NMNAT3,2697918
NMNAT3,2697919
NMNAT3,2697916
NMNAT3,2697917
NMNAT3,2697950
NMNAT3,2697951
NMNAT3,2697910
NMNAT3,2697954
NMNAT3,2697911
NMNAT3,2697955
NMNAT3,2697952
NMNAT3,2697953
NMNAT3,16959834
NMNAT3,16959833
NMNAT3,2697909
NMNAT3,2697925
NMNAT3,2697926
NMNAT3,2697923
NMNAT3,2697924
NMNAT3,2697929
NMNAT3,8091094
NMNAT3,8091093
NMNAT3,2697927
NMNAT3,8091092
NMNAT3,2697928
NMNAT3,8091091
NMNAT3,8091090
NMNAT3,16959832
NMNAT3,2697921
NMNAT3,16959831
NMNAT3,2697922
NMNAT3,16959830
NMNAT3,2697920
NMNAT3,16959824
NMNAT3,16959823
NMNAT3,16959822
NMNAT3,16959829
NMNAT3,16959828
NMNAT3,16959827
NMNAT3,16959826
NMNAT3,8091089
NMNAT3,8091088
NMNAT3,2697936
NMNAT3,8091087
NMNAT3,2697937
NMNAT3,2697934
NMNAT3,2697935
NMNAT3,2697938
NMNAT3,2697939
NMNAT3,16959821
NMNAT3,2697932
NMNAT3,16959820
NMNAT3,2697933
NMNAT3,2697930
NMNAT3,2697931
NMNAT3,16959818
NMNAT3,16959817
NMNAT3,16959819
NMNAT2,2447351
NMNAT2,2447352
NMNAT2,2447350
NMNAT2,2447355
NMNAT2,2447356
NMNAT2,2447353
NMNAT2,2447354
NMNAT2,16697069
NMNAT2,16697065
NMNAT2,16697066
NMNAT2,16697072
NMNAT2,16697073
NMNAT2,16697074
NMNAT2,16697075
NMNAT2,16697070
NMNAT2,16697071
NMNAT2,2447359
NMNAT2,2447357
NMNAT2,2447358
NMNAT2,2447340
NMNAT2,2447341
NMNAT2,2447344
NMNAT2,2447345
NMNAT2,2447342
NMNAT2,2447343
NMNAT2,16697076
NMNAT2,16697077
NMNAT2,16697078
NMNAT2,16697079
NMNAT2,16697080
NMNAT2,2447348
NMNAT2,2447349
NMNAT2,2447346
NMNAT2,2447347
NMNAT2,2447373
NMNAT2,2447374
NMNAT2,2447371
NMNAT2,2447372
NMNAT2,2447377
NMNAT2,2447378
NMNAT2,2447375
NMNAT2,2447376
NMNAT2,2447370
NMNAT2,2447379
NMNAT2,2447362
NMNAT2,2447363
NMNAT2,2447360
NMNAT2,2447361
NMNAT2,2447366
NMNAT2,2447367
NMNAT2,2447364
NMNAT2,2447365
NMNAT2,2447368
NMNAT2,2447369
NMNAT2,2447384
NMNAT2,2447385
NMNAT2,2447382
NMNAT2,2447383
NMNAT2,2447388
NMNAT2,7922757
NMNAT2,7922756
NMNAT2,2447386
NMNAT2,2447387
NMNAT2,7922759
NMNAT2,7922758
NMNAT2,2447380
NMNAT2,2447381
NMNAT2,7922764
NMNAT2,2447330
NMNAT2,7922763
NMNAT2,7922762
NMNAT2,7922761
NMNAT2,2447333
NMNAT2,7922768
NMNAT2,2447334
NMNAT2,7922767
NMNAT2,2447331
NMNAT2,7922766
NMNAT2,2447332
NMNAT2,7922765
NMNAT2,7922769
NMNAT2,2447337
NMNAT2,2447338
NMNAT2,2447335
NMNAT2,2447336
NMNAT2,7922760
NMNAT2,2447339
NMNAT2,7922772
NMNAT2,16697062
NMNAT2,16697063
NMNAT2,16697064
NMNAT2,2447326
NMNAT2,2447327
NMNAT2,2447324
NMNAT2,2447325
NMNAT2,7922771
NMNAT2,7922770
NMNAT2,2447328
NMNAT2,2447329
PARP9,8090020
PARP9,2692099
PARP9,2692098
PARP9,2692097
PARP9,2692096
PARP9,16958127
PARP9,16958125
PARP9,16958124
PARP9,8090019
PARP9,8090018
PARP9,2692095
PARP9,2692094
PARP9,2692093
PARP9,2692092
PARP9,2692091
PARP9,2692090
PARP9,2692103
PARP9,2692069
PARP9,2692102
PARP9,2692068
PARP9,2692101
PARP9,2692067
PARP9,2692100
PARP9,2692066
PARP9,2692065
PARP9,2692063
PARP9,2692107
PARP9,2692106
PARP9,2692105
PARP9,2692104
PARP9,2692062
PARP9,2692061
PARP9,2692060
PARP9,2692079
PARP9,2692078
PARP9,16958141
PARP9,2692077
PARP9,16958140
PARP9,2692076
PARP9,2692075
PARP9,2692074
PARP9,16958143
PARP9,16958142
PARP9,16958139
PARP9,2692073
PARP9,2692072
PARP9,2692071
PARP9,2692070
PARP9,2692089
PARP9,16958130
PARP9,2692088
PARP9,2692087
PARP9,2692086
PARP9,2692085
PARP9,16958134
PARP9,16958132
PARP9,16958131
PARP9,16958138
PARP9,16958137
PARP9,16958136
PARP9,16958135
PARP9,16958129
PARP9,16958128
PARP9,8090029
PARP9,2692084
PARP9,8090028
PARP9,2692083
PARP9,8090027
PARP9,2692082
PARP9,8090026
PARP9,2692081
PARP9,8090025
PARP9,2692080
PARP9,8090024
PARP9,8090023
PARP9,8090022
PARP9,8090021
KMO,2388098
KMO,2388099
KMO,2388096
KMO,2388097
KMO,2388094
KMO,2388095
KMO,2388092
KMO,2388093
KMO,2388090
KMO,2388091
KMO,16679361
KMO,16679363
KMO,16679365
KMO,16679364
KMO,16679356
KMO,7910962
KMO,16679355
KMO,7910963
KMO,7910964
KMO,16679357
KMO,7910965
KMO,7910960
KMO,7910961
KMO,7910966
KMO,7910967
KMO,7910968
KMO,7910969
KMO,2388087
KMO,2388120
KMO,2388088
KMO,2388121
KMO,2388085
KMO,2388086
KMO,16679350
KMO,16679354
KMO,16679349
KMO,7910970
KMO,2388128
KMO,2388126
KMO,2388127
KMO,2388124
KMO,2388125
KMO,2388089
KMO,2388122
KMO,2388123
KMO,2388110
KMO,2388119
KMO,2388117
KMO,2388118
KMO,2388115
KMO,2388116
KMO,2388113
KMO,2388114
KMO,2388111
KMO,2388112
KMO,16679370
KMO,16679372
KMO,16679371
KMO,16679374
KMO,16679367
KMO,7910951
KMO,7910952
KMO,16679369
KMO,7910953
KMO,16679368
KMO,7910954
KMO,2388108
KMO,2388109
KMO,7910950
KMO,2388106
KMO,7910959
KMO,2388107
KMO,2388104
KMO,2388105
KMO,2388102
KMO,7910955
KMO,2388103
KMO,7910956
KMO,2388100
KMO,7910957
KMO,2388101
KMO,7910958
PARP10,3158040
PARP10,3158041
PARP10,3158042
PARP10,3158043
PARP10,3158044
PARP10,17082427
PARP10,3158045
PARP10,3158046
PARP10,17082429
PARP10,3158047
PARP10,17082428
PARP10,3158048
PARP10,17082423
PARP10,17082425
PARP10,3158011
PARP10,3158012
PARP10,3158013
PARP10,17082418
PARP10,3158014
PARP10,3158015
PARP10,3158016
PARP10,3158017
PARP10,3158018
PARP10,3158019
PARP10,8153624
PARP10,17082419
PARP10,8153623
PARP10,8153620
PARP10,8153622
PARP10,8153621
PARP10,17082443
PARP10,17082442
PARP10,3158020
PARP10,3158021
PARP10,3158022
PARP10,17082449
PARP10,3158023
PARP10,17082448
PARP10,3158024
PARP10,3158025
PARP10,3158026
PARP10,17082445
PARP10,3158027
PARP10,3158028
PARP10,17082447
PARP10,3158029
PARP10,17082446
PARP10,8153617
PARP10,8153616
PARP10,8153619
PARP10,8153618
PARP10,8153613
PARP10,8153612
PARP10,8153615
PARP10,8153614
PARP10,8153611
PARP10,8153610
PARP10,17082430
PARP10,17082432
PARP10,17082431
PARP10,3158030
PARP10,3158031
PARP10,3158032
PARP10,3158033
PARP10,17082438
PARP10,3158034
PARP10,17082437
PARP10,3158035
PARP10,3158036
PARP10,3158037
PARP10,3158038
PARP10,17082433
PARP10,3158039
PARP10,8153609
PARP10,17082436
NT5C3A,17056529
NT5C3A,17056528
NT5C3A,2783068
NT5C3A,2783067
NT5C3A,2783066
NT5C3A,17056525
NT5C3A,2783065
NT5C3A,17056524
NT5C3A,2783064
NT5C3A,17056527
NT5C3A,2783063
NT5C3A,17056526
NT5C3A,2783062
NT5C3A,17056521
NT5C3A,2783061
NT5C3A,17056520
NT5C3A,2783060
NT5C3A,17056523
NT5C3A,17056522
NT5C3A,2783059
NT5C3A,2783058
NT5C3A,17056517
NT5C3A,2783057
NT5C3A,2783056
NT5C3A,2783055
NT5C3A,2783054
NT5C3A,2783053
NT5C3A,17056516
NT5C3A,2783052
NT5C3A,17056515
NT5C3A,2783051
NT5C3A,2783050
NT5C3A,3045017
NT5C3A,3045018
NT5C3A,3045019
NT5C3A,3045013
NT5C3A,3045014
NT5C3A,2783049
NT5C3A,3045015
NT5C3A,2783048
NT5C3A,3045016
NT5C3A,2783047
NT5C3A,2783046
NT5C3A,3045010
NT5C3A,2783045
NT5C3A,3045011
NT5C3A,2783044
NT5C3A,3045012
NT5C3A,2783043
NT5C3A,2783042
NT5C3A,2783041
NT5C3A,2783040
NT5C3A,3045006
NT5C3A,3045007
NT5C3A,3045008
NT5C3A,3045009
NT5C3A,2783039
NT5C3A,2783038
NT5C3A,3045004
NT5C3A,2783037
NT5C3A,3045005
NT5C3A,2783036
NT5C3A,8138944
NT5C3A,8138943
NT5C3A,8138942
NT5C3A,8138941
NT5C3A,8138947
NT5C3A,8138946
NT5C3A,8138945
NT5C3A,3045039
NT5C3A,3045035
NT5C3A,3045036
NT5C3A,3045037
NT5C3A,3045038
NT5C3A,3045031
NT5C3A,3045032
NT5C3A,3045033
NT5C3A,3045034
NT5C3A,3045030
NT5C3A,3045028
NT5C3A,3045029
NT5C3A,3045024
NT5C3A,3045025
NT5C3A,3045026
NT5C3A,3045027
NT5C3A,3045020
NT5C3A,3045021
NT5C3A,3045022
NT5C3A,3045023
NT5C3A,3045046
NT5C3A,3045042
NT5C3A,3045043
NT5C3A,3045044
NT5C3A,3045045
NT5C3A,17056535
NT5C3A,3045040
NT5C3A,3045041
NT5C3A,17056532
NT5C3A,17056531
NT5C3A,17056534
NT5C3A,17056533
NT5C3A,17056530
BST1,16965256
BST1,16965257
BST1,16965258
BST1,16965259
BST1,8094228
BST1,8094229
BST1,2719619
BST1,2719618
BST1,2719617
BST1,16965260
BST1,16965261
BST1,2719650
BST1,16965263
BST1,8094231
BST1,16965264
BST1,8094230
BST1,16965265
BST1,8094233
BST1,16965266
BST1,8094232
BST1,16965267
BST1,8094235
BST1,8094234
BST1,8094237
BST1,8094236
BST1,8094239
BST1,8094238
BST1,2719629
BST1,2719628
BST1,2719627
BST1,2719626
BST1,2719625
BST1,2719624
BST1,2719623
BST1,2719622
BST1,2719621
BST1,2719620
BST1,2719639
BST1,2719638
BST1,2719637
BST1,2719636
BST1,2719635
BST1,2719634
BST1,2719633
BST1,2719632
BST1,2719631
BST1,2719630
BST1,2719649
BST1,2719648
BST1,2719647
BST1,2719646
BST1,2719645
BST1,2719644
BST1,2719643
BST1,2719642
BST1,2719641
BST1,2719640
BST1,16965252
BST1,16965253
BST1,16965254
BST1,16965255
SLC5A8,16769088
SLC5A8,16769089
SLC5A8,3467978
SLC5A8,3467979
SLC5A8,3467974
SLC5A8,3467975
SLC5A8,3467976
SLC5A8,3467977
SLC5A8,3467970
SLC5A8,3467971
SLC5A8,3467972
SLC5A8,3467973
SLC5A8,16769096
SLC5A8,16769097
SLC5A8,16769098
SLC5A8,16769099
SLC5A8,16769090
SLC5A8,16769091
SLC5A8,16769092
SLC5A8,16769093
SLC5A8,16769094
SLC5A8,16769095
SLC5A8,3467967
SLC5A8,3467968
SLC5A8,7965769
SLC5A8,3467969
SLC5A8,3467963
SLC5A8,3467964
SLC5A8,3467965
SLC5A8,3467966
SLC5A8,3467960
SLC5A8,3467961
SLC5A8,3467962
SLC5A8,7965770
SLC5A8,16769100
SLC5A8,16769101
SLC5A8,16769103
SLC5A8,3467956
SLC5A8,7965779
SLC5A8,3467957
SLC5A8,3467958
SLC5A8,3467959
SLC5A8,3467952
SLC5A8,7965775
SLC5A8,3467953
SLC5A8,7965776
SLC5A8,3467954
SLC5A8,7965777
SLC5A8,3467955
SLC5A8,7965778
SLC5A8,7965771
SLC5A8,7965772
SLC5A8,3467950
SLC5A8,7965773
SLC5A8,3467951
SLC5A8,7965774
SLC5A8,7965780
SLC5A8,3467980
SLC5A8,7965781
SLC5A8,3467949
SLC5A8,3467948
SLC5A8,16769104
SLC5A8,3467985
SLC5A8,7965786
SLC5A8,16769105
SLC5A8,3467986
SLC5A8,3467987
SLC5A8,3467981
SLC5A8,7965782
SLC5A8,3467982
SLC5A8,7965783
SLC5A8,3467983
SLC5A8,7965784
SLC5A8,3467984
SLC5A8,7965785
NMNAT1,2319532
NMNAT1,2319531
NMNAT1,2319530
NMNAT1,2319536
NMNAT1,2319535
NMNAT1,2319534
NMNAT1,2319533
NMNAT1,16658740
NMNAT1,16658736
NMNAT1,16658737
NMNAT1,2319518
NMNAT1,2319537
NMNAT1,16658738
NMNAT1,7897509
NMNAT1,16658739
NMNAT1,2319519
NMNAT1,2319521
NMNAT1,2319520
NMNAT1,2319525
NMNAT1,2319524
NMNAT1,2319523
NMNAT1,2319522
NMNAT1,16658745
NMNAT1,16658747
NMNAT1,16658748
NMNAT1,16658741
NMNAT1,7897512
NMNAT1,16658742
NMNAT1,7897511
NMNAT1,16658743
NMNAT1,7897510
NMNAT1,16658744
NMNAT1,2319529
NMNAT1,7897516
NMNAT1,2319528
NMNAT1,7897515
NMNAT1,2319527
NMNAT1,7897514
NMNAT1,2319526
NMNAT1,7897513
NMNAT1,16658749
NMNAT1,7897519
NMNAT1,7897518
NMNAT1,7897517
NT5C1A,16685718
NT5C1A,16685715
NT5C1A,2408040
NT5C1A,16685714
NT5C1A,16685717
NT5C1A,16685716
NT5C1A,7915239
NT5C1A,16685713
NT5C1A,16685712
NT5C1A,7915238
NT5C1A,2408028
NT5C1A,2408029
NT5C1A,7915244
NT5C1A,7915242
NT5C1A,7915243
NT5C1A,7915240
NT5C1A,7915241
NT5C1A,2408030
NT5C1A,2408033
NT5C1A,2408034
NT5C1A,2408031
NT5C1A,2408032
NT5C1A,2408037
NT5C1A,2408038
NT5C1A,2408035
NT5C1A,2408036
NT5C1A,2408039
NAXD,16776497
NAXD,3501452
NAXD,16776496
NAXD,3501453
NAXD,16776499
NAXD,3501450
NAXD,16776498
NAXD,3501451
NAXD,3501418
NAXD,3501419
NAXD,3501416
NAXD,3501417
NAXD,3501415
NAXD,3501420
NAXD,3501429
NAXD,16776493
NAXD,3501423
NAXD,3501424
NAXD,16776495
NAXD,3501421
NAXD,16776494
NAXD,3501422
NAXD,3501427
NAXD,3501428
NAXD,3501425
NAXD,3501426
NAXD,16776512
NAXD,16776511
NAXD,16776513
NAXD,3501430
NAXD,3501431
NAXD,16776510
NAXD,7970084
NAXD,7970085
NAXD,7970086
NAXD,7970087
NAXD,7970088
NAXD,7970089
NAXD,3501434
NAXD,3501435
NAXD,3501432
NAXD,3501433
NAXD,3501438
NAXD,3501439
NAXD,3501436
NAXD,3501437
NAXD,16776501
NAXD,16776500
NAXD,16776503
NAXD,16776502
NAXD,3501441
NAXD,3501442
NAXD,3501440
NAXD,16776509
NAXD,7970094
NAXD,16776508
NAXD,7970095
NAXD,16776505
NAXD,16776504
NAXD,16776506
NAXD,7970090
NAXD,7970091
NAXD,7970092
NAXD,7970093
NAXD,3501445
NAXD,3501446
NAXD,3501443
NAXD,3501444
NAXD,3501449
NAXD,3501447
NAXD,3501448
IDO2,17068319
IDO2,8146110
IDO2,8146111
IDO2,8146112
IDO2,8146113
IDO2,8146114
IDO2,3095260
IDO2,3095263
IDO2,3095264
IDO2,3095261
IDO2,3095262
IDO2,3095267
IDO2,3095268
IDO2,3095265
IDO2,3095266
IDO2,3095269
IDO2,17068327
IDO2,17068329
IDO2,17068323
IDO2,17068324
IDO2,17068325
IDO2,17068326
IDO2,17068320
IDO2,17068321
IDO2,17068322
IDO2,8146105
IDO2,8146106
IDO2,8146107
IDO2,8146108
IDO2,8146109
IDO2,3095270
IDO2,3095271
IDO2,3095274
IDO2,3095275
IDO2,3095272
IDO2,3095273
IDO2,3095278
IDO2,3095279
IDO2,3095276
IDO2,3095277
IDO2,17068334
IDO2,17068335
IDO2,17068336
IDO2,17068337
IDO2,17068330
IDO2,17068331
IDO2,17068332
IDO2,17068333
IDO2,3095281
IDO2,3095282
IDO2,3095280
IDO2,3095285
IDO2,3095286
IDO2,3095283
IDO2,3095284
IDO2,3095289
IDO2,3095287
IDO2,3095288
IDO2,3095292
IDO2,3095290
IDO2,3095291
IDO2,3095257
IDO2,3095258
IDO2,3095259
IDO1,17068316
IDO1,17068312
IDO1,17068313
IDO1,17068314
IDO1,17068315
IDO1,17068310
IDO1,17068311
IDO1,3095223
IDO1,3095224
IDO1,3095227
IDO1,3095228
IDO1,3095225
IDO1,3095226
IDO1,3095229
IDO1,8146100
IDO1,8146101
IDO1,8146102
IDO1,8146103
IDO1,8146104
IDO1,3095230
IDO1,3095231
IDO1,3095234
IDO1,3095235
IDO1,3095232
IDO1,3095233
IDO1,3095238
IDO1,3095239
IDO1,3095236
IDO1,3095237
IDO1,8146094
IDO1,8146095
IDO1,8146096
IDO1,8146097
IDO1,8146098
IDO1,8146099
IDO1,17068297
IDO1,17068299
IDO1,17068296
IDO1,3095241
IDO1,3095242
IDO1,3095240
IDO1,3095245
IDO1,3095246
IDO1,3095243
IDO1,3095244
IDO1,3095249
IDO1,3095247
IDO1,8146092
IDO1,3095248
IDO1,8146093
IDO1,17068305
IDO1,17068306
IDO1,17068307
IDO1,17068308
IDO1,17068302
IDO1,17068303
IDO1,17068304
IDO1,17068300
IDO1,3095252
IDO1,3095253
IDO1,3095250
IDO1,3095251
IDO1,3095254
IDO1,17068309
